fbus,tbus,r,x,b,rateA,rateB,rateC,ratio,angle,status,angmin,angmax
1,3,0.00281,0.0281,0.00712,100,100,100,0,0,1,-360,360
1,3,0.00281,0.0281,0.00712,100,100,100,0,0,1,-360,360
1,2,0.00281,0.0281,0.00712,100,100,100,0,0,1,-360,360
2,3,0.00281,0.0281,0.00712,100,100,100,0,0,1,-360,360